<?xml version="1.0" encoding="UTF-8" standalone="no" ?>
<Project xmlns:xsi="http://www.w3.org/2001/XMLSchema-instance" xsi:noNamespaceSchemaLocation="project_proj.xsd">

  <SchemaVersion>1.1</SchemaVersion>

  <Header>### uVision Project, (C) Keil Software</Header>

  <Targets>
    <Target>
      <TargetName>External SDRAM</TargetName>
      <ToolsetNumber>0x4</ToolsetNumber>
      <ToolsetName>ARM-ADS</ToolsetName>
      <TargetOption>
        <TargetCommonOption>
          <Device>LPC2468</Device>
          <Vendor>NXP (founded by Philips)</Vendor>
          <Cpu>IRAM(0x40000000-0x4000FFFF) IRAM2(0x7FE00000-0x7FE03FFF) IROM(0-0x7FFFF) CLOCK(12000000) CPUTYPE(ARM7TDMI)</Cpu>
          <FlashUtilSpec>LPC210x_ISP.EXE ("#H" ^X $D COM1: 38400 1)</FlashUtilSpec>
          <StartupFile>"STARTUP\Philips\LPC2400.s" ("Philips LPC2400 Startup Code")</StartupFile>
          <FlashDriverDll>UL2ARM(-U268761108 -O7 -S0 -C0 -FO15 -FD40000000 -FC800 -FN1 -FF0LPC_IAP2_512 -FS00 -FL07E000)</FlashDriverDll>
          <DeviceId>4181</DeviceId>
          <RegisterFile>LPC23xx.H</RegisterFile>
          <MemoryEnv></MemoryEnv>
          <Cmp></Cmp>
          <Asm></Asm>
          <Linker></Linker>
          <OHString></OHString>
          <InfinionOptionDll></InfinionOptionDll>
          <SLE66CMisc></SLE66CMisc>
          <SLE66AMisc></SLE66AMisc>
          <SLE66LinkerMisc></SLE66LinkerMisc>
          <SFDFile></SFDFile>
          <UseEnv>0</UseEnv>
          <BinPath></BinPath>
          <IncludePath></IncludePath>
          <LibPath></LibPath>
          <RegisterFilePath>Philips\</RegisterFilePath>
          <DBRegisterFilePath>Philips\</DBRegisterFilePath>
          <TargetStatus>
            <Error>0</Error>
            <ExitCodeStop>0</ExitCodeStop>
            <ButtonStop>0</ButtonStop>
            <NotGenerated>0</NotGenerated>
            <InvalidFlash>1</InvalidFlash>
          </TargetStatus>
          <OutputDirectory>.\</OutputDirectory>
          <OutputName>Demo</OutputName>
          <CreateExecutable>1</CreateExecutable>
          <CreateLib>0</CreateLib>
          <CreateHexFile>0</CreateHexFile>
          <DebugInformation>1</DebugInformation>
          <BrowseInformation>1</BrowseInformation>
          <ListingPath>.\</ListingPath>
          <HexFormatSelection>1</HexFormatSelection>
          <Merge32K>0</Merge32K>
          <CreateBatchFile>0</CreateBatchFile>
          <BeforeCompile>
            <RunUserProg1>0</RunUserProg1>
            <RunUserProg2>0</RunUserProg2>
            <UserProg1Name></UserProg1Name>
            <UserProg2Name></UserProg2Name>
            <UserProg1Dos16Mode>0</UserProg1Dos16Mode>
            <UserProg2Dos16Mode>0</UserProg2Dos16Mode>
            <nStopU1X>0</nStopU1X>
            <nStopU2X>0</nStopU2X>
          </BeforeCompile>
          <BeforeMake>
            <RunUserProg1>0</RunUserProg1>
            <RunUserProg2>0</RunUserProg2>
            <UserProg1Name></UserProg1Name>
            <UserProg2Name></UserProg2Name>
            <UserProg1Dos16Mode>0</UserProg1Dos16Mode>
            <UserProg2Dos16Mode>0</UserProg2Dos16Mode>
          </BeforeMake>
          <AfterMake>
            <RunUserProg1>0</RunUserProg1>
            <RunUserProg2>0</RunUserProg2>
            <UserProg1Name></UserProg1Name>
            <UserProg2Name></UserProg2Name>
            <UserProg1Dos16Mode>0</UserProg1Dos16Mode>
            <UserProg2Dos16Mode>0</UserProg2Dos16Mode>
          </AfterMake>
          <SelectedForBatchBuild>0</SelectedForBatchBuild>
          <SVCSIdString></SVCSIdString>
        </TargetCommonOption>
        <CommonProperty>
          <UseCPPCompiler>0</UseCPPCompiler>
          <RVCTCodeConst>0</RVCTCodeConst>
          <RVCTZI>0</RVCTZI>
          <RVCTOtherData>0</RVCTOtherData>
          <ModuleSelection>0</ModuleSelection>
          <IncludeInBuild>1</IncludeInBuild>
          <AlwaysBuild>0</AlwaysBuild>
          <GenerateAssemblyFile>0</GenerateAssemblyFile>
          <AssembleAssemblyFile>0</AssembleAssemblyFile>
          <PublicsOnly>0</PublicsOnly>
          <StopOnExitCode>3</StopOnExitCode>
          <CustomArgument></CustomArgument>
          <IncludeLibraryModules></IncludeLibraryModules>
        </CommonProperty>
        <DllOption>
          <SimDllName>SARM.DLL</SimDllName>
          <SimDllArguments>-cLPC24xx</SimDllArguments>
          <SimDlgDll>DARMP.DLL</SimDlgDll>
          <SimDlgDllArguments>-pLPC2468</SimDlgDllArguments>
          <TargetDllName>SARM.DLL</TargetDllName>
          <TargetDllArguments></TargetDllArguments>
          <TargetDlgDll>TARMP.DLL</TargetDlgDll>
          <TargetDlgDllArguments>-pLPC2468</TargetDlgDllArguments>
        </DllOption>
        <DebugOption>
          <OPTHX>
            <HexSelection>1</HexSelection>
            <HexRangeLowAddress>0</HexRangeLowAddress>
            <HexRangeHighAddress>0</HexRangeHighAddress>
            <HexOffset>0</HexOffset>
            <Oh166RecLen>16</Oh166RecLen>
          </OPTHX>
          <Simulator>
            <UseSimulator>0</UseSimulator>
            <LoadApplicationAtStartup>1</LoadApplicationAtStartup>
            <RunToMain>0</RunToMain>
            <RestoreBreakpoints>1</RestoreBreakpoints>
            <RestoreWatchpoints>1</RestoreWatchpoints>
            <RestoreMemoryDisplay>1</RestoreMemoryDisplay>
            <RestoreFunctions>1</RestoreFunctions>
            <RestoreToolbox>1</RestoreToolbox>
            <LimitSpeedToRealTime>0</LimitSpeedToRealTime>
          </Simulator>
          <Target>
            <UseTarget>1</UseTarget>
            <LoadApplicationAtStartup>1</LoadApplicationAtStartup>
            <RunToMain>0</RunToMain>
            <RestoreBreakpoints>1</RestoreBreakpoints>
            <RestoreWatchpoints>1</RestoreWatchpoints>
            <RestoreMemoryDisplay>1</RestoreMemoryDisplay>
            <RestoreFunctions>0</RestoreFunctions>
            <RestoreToolbox>1</RestoreToolbox>
            <RestoreTracepoints>0</RestoreTracepoints>
          </Target>
          <RunDebugAfterBuild>0</RunDebugAfterBuild>
          <TargetSelection>0</TargetSelection>
          <SimDlls>
            <CpuDll></CpuDll>
            <CpuDllArguments></CpuDllArguments>
            <PeripheralDll></PeripheralDll>
            <PeripheralDllArguments></PeripheralDllArguments>
            <InitializationFile>./Sim.ini</InitializationFile>
          </SimDlls>
          <TargetDlls>
            <CpuDll></CpuDll>
            <CpuDllArguments></CpuDllArguments>
            <PeripheralDll></PeripheralDll>
            <PeripheralDllArguments></PeripheralDllArguments>
            <InitializationFile>./Ext_RAM.ini</InitializationFile>
            <Driver>BIN\UL2ARM.DLL</Driver>
          </TargetDlls>
        </DebugOption>
        <Utilities>
          <Flash1>
            <UseTargetDll>1</UseTargetDll>
            <UseExternalTool>0</UseExternalTool>
            <RunIndependent>0</RunIndependent>
            <UpdateFlashBeforeDebugging>0</UpdateFlashBeforeDebugging>
            <Capability>1</Capability>
            <DriverSelection>4096</DriverSelection>
          </Flash1>
          <bUseTDR>0</bUseTDR>
          <Flash2>BIN\UL2ARM.DLL</Flash2>
          <Flash3>"LPC210x_ISP.EXE" ("#H" ^X $D COM1: 38400 1)</Flash3>
          <Flash4></Flash4>
        </Utilities>
        <TargetArmAds>
          <ArmAdsMisc>
            <GenerateListings>0</GenerateListings>
            <asHll>1</asHll>
            <asAsm>1</asAsm>
            <asMacX>1</asMacX>
            <asSyms>1</asSyms>
            <asFals>1</asFals>
            <asDbgD>1</asDbgD>
            <asForm>1</asForm>
            <ldLst>0</ldLst>
            <ldmm>1</ldmm>
            <ldXref>1</ldXref>
            <BigEnd>0</BigEnd>
            <AdsALst>1</AdsALst>
            <AdsACrf>1</AdsACrf>
            <AdsANop>0</AdsANop>
            <AdsANot>0</AdsANot>
            <AdsLLst>1</AdsLLst>
            <AdsLmap>1</AdsLmap>
            <AdsLcgr>1</AdsLcgr>
            <AdsLsym>1</AdsLsym>
            <AdsLszi>1</AdsLszi>
            <AdsLtoi>1</AdsLtoi>
            <AdsLsun>1</AdsLsun>
            <AdsLven>1</AdsLven>
            <AdsLsxf>1</AdsLsxf>
            <RvctClst>0</RvctClst>
            <GenPPlst>0</GenPPlst>
            <AdsCpuType>ARM7TDMI</AdsCpuType>
            <RvctDeviceName></RvctDeviceName>
            <mOS>0</mOS>
            <uocRom>0</uocRom>
            <uocRam>0</uocRam>
            <hadIROM>1</hadIROM>
            <hadIRAM>1</hadIRAM>
            <hadXRAM>0</hadXRAM>
            <uocXRam>0</uocXRam>
            <RvdsVP>0</RvdsVP>
            <hadIRAM2>1</hadIRAM2>
            <hadIROM2>0</hadIROM2>
            <StupSel>1</StupSel>
            <useUlib>1</useUlib>
            <EndSel>0</EndSel>
            <uLtcg>0</uLtcg>
            <RoSelD>0</RoSelD>
            <RwSelD>3</RwSelD>
            <CodeSel>0</CodeSel>
            <OptFeed>0</OptFeed>
            <NoZi1>0</NoZi1>
            <NoZi2>0</NoZi2>
            <NoZi3>0</NoZi3>
            <NoZi4>0</NoZi4>
            <NoZi5>0</NoZi5>
            <Ro1Chk>1</Ro1Chk>
            <Ro2Chk>0</Ro2Chk>
            <Ro3Chk>0</Ro3Chk>
            <Ir1Chk>0</Ir1Chk>
            <Ir2Chk>0</Ir2Chk>
            <Ra1Chk>1</Ra1Chk>
            <Ra2Chk>0</Ra2Chk>
            <Ra3Chk>0</Ra3Chk>
            <Im1Chk>1</Im1Chk>
            <Im2Chk>0</Im2Chk>
            <OnChipMemories>
              <Ocm1>
                <Type>0</Type>
                <StartAddress>0x0</StartAddress>
                <Size>0x0</Size>
              </Ocm1>
              <Ocm2>
                <Type>0</Type>
                <StartAddress>0x0</StartAddress>
                <Size>0x0</Size>
              </Ocm2>
              <Ocm3>
                <Type>0</Type>
                <StartAddress>0x0</StartAddress>
                <Size>0x0</Size>
              </Ocm3>
              <Ocm4>
                <Type>0</Type>
                <StartAddress>0x0</StartAddress>
                <Size>0x0</Size>
              </Ocm4>
              <Ocm5>
                <Type>0</Type>
                <StartAddress>0x0</StartAddress>
                <Size>0x0</Size>
              </Ocm5>
              <Ocm6>
                <Type>0</Type>
                <StartAddress>0x0</StartAddress>
                <Size>0x0</Size>
              </Ocm6>
              <IRAM>
                <Type>0</Type>
                <StartAddress>0x40000000</StartAddress>
                <Size>0x10000</Size>
              </IRAM>
              <IROM>
                <Type>1</Type>
                <StartAddress>0x0</StartAddress>
                <Size>0x80000</Size>
              </IROM>
              <XRAM>
                <Type>0</Type>
                <StartAddress>0x0</StartAddress>
                <Size>0x0</Size>
              </XRAM>
              <OCR_RVCT1>
                <Type>1</Type>
                <StartAddress>0xa0000000</StartAddress>
                <Size>0x1000000</Size>
              </OCR_RVCT1>
              <OCR_RVCT2>
                <Type>1</Type>
                <StartAddress>0x0</StartAddress>
                <Size>0x0</Size>
              </OCR_RVCT2>
              <OCR_RVCT3>
                <Type>1</Type>
                <StartAddress>0x0</StartAddress>
                <Size>0x0</Size>
              </OCR_RVCT3>
              <OCR_RVCT4>
                <Type>1</Type>
                <StartAddress>0x0</StartAddress>
                <Size>0x80000</Size>
              </OCR_RVCT4>
              <OCR_RVCT5>
                <Type>1</Type>
                <StartAddress>0x0</StartAddress>
                <Size>0x0</Size>
              </OCR_RVCT5>
              <OCR_RVCT6>
                <Type>0</Type>
                <StartAddress>0xa1000000</StartAddress>
                <Size>0x1000000</Size>
              </OCR_RVCT6>
              <OCR_RVCT7>
                <Type>0</Type>
                <StartAddress>0x0</StartAddress>
                <Size>0x0</Size>
              </OCR_RVCT7>
              <OCR_RVCT8>
                <Type>0</Type>
                <StartAddress>0x0</StartAddress>
                <Size>0x0</Size>
              </OCR_RVCT8>
              <OCR_RVCT9>
                <Type>0</Type>
                <StartAddress>0x40000000</StartAddress>
                <Size>0x10000</Size>
              </OCR_RVCT9>
              <OCR_RVCT10>
                <Type>0</Type>
                <StartAddress>0x7fe00000</StartAddress>
                <Size>0x4000</Size>
              </OCR_RVCT10>
            </OnChipMemories>
            <RvctStartVector></RvctStartVector>
          </ArmAdsMisc>
          <Cads>
            <interw>1</interw>
            <Optim>1</Optim>
            <oTime>0</oTime>
            <SplitLS>0</SplitLS>
            <OneElfS>0</OneElfS>
            <Strict>0</Strict>
            <EnumInt>0</EnumInt>
            <PlainCh>0</PlainCh>
            <Ropi>0</Ropi>
            <Rwpi>0</Rwpi>
            <wLevel>0</wLevel>
            <uThumb>0</uThumb>
            <uSurpInc>0</uSurpInc>
            <VariousControls>
              <MiscControls></MiscControls>
              <Define></Define>
              <Undefine></Undefine>
              <IncludePath></IncludePath>
            </VariousControls>
          </Cads>
          <Aads>
            <interw>1</interw>
            <Ropi>0</Ropi>
            <Rwpi>0</Rwpi>
            <thumb>0</thumb>
            <SplitLS>0</SplitLS>
            <SwStkChk>0</SwStkChk>
            <NoWarn>0</NoWarn>
            <uSurpInc>0</uSurpInc>
            <VariousControls>
              <MiscControls></MiscControls>
              <Define>NO_CLOCK_SETUP NO_EMC_SETUP RAM_INTVEC RAM_MODE REMAP</Define>
              <Undefine></Undefine>
              <IncludePath></IncludePath>
            </VariousControls>
          </Aads>
          <LDads>
            <umfTarg>1</umfTarg>
            <Ropi>0</Ropi>
            <Rwpi>0</Rwpi>
            <noStLib>0</noStLib>
            <RepFail>1</RepFail>
            <useFile>0</useFile>
            <TextAddressRange>0x00000000</TextAddressRange>
            <DataAddressRange>0x40000000</DataAddressRange>
            <ScatterFile>Demo.sct</ScatterFile>
            <IncludeLibs></IncludeLibs>
            <IncludeLibsPath></IncludeLibsPath>
            <Misc></Misc>
            <LinkerInputFile></LinkerInputFile>
            <DisabledWarnings></DisabledWarnings>
          </LDads>
        </TargetArmAds>
      </TargetOption>
      <Groups>
        <Group>
          <GroupName>Startup Code</GroupName>
          <Files>
            <File>
              <FileName>libcs1021.lib</FileName>
              <FileType>4</FileType>
              <FilePath>..\libcs1021\libcs1021.lib</FilePath>
            </File>
          </Files>
        </Group>
        <Group>
          <GroupName>Application Code</GroupName>
          <Files>
            <File>
              <FileName>Demo.s</FileName>
              <FileType>2</FileType>
              <FilePath>.\Demo.s</FilePath>
            </File>
          </Files>
        </Group>
      </Groups>
    </Target>
    <Target>
      <TargetName>Simulator</TargetName>
      <ToolsetNumber>0x4</ToolsetNumber>
      <ToolsetName>ARM-ADS</ToolsetName>
      <TargetOption>
        <TargetCommonOption>
          <Device>LPC2468</Device>
          <Vendor>NXP (founded by Philips)</Vendor>
          <Cpu>IRAM(0x40000000-0x4000FFFF) IRAM2(0x7FE00000-0x7FE03FFF) IROM(0-0x7FFFF) CLOCK(12000000) CPUTYPE(ARM7TDMI)</Cpu>
          <FlashUtilSpec>LPC210x_ISP.EXE ("#H" ^X $D COM1: 38400 1)</FlashUtilSpec>
          <StartupFile>"STARTUP\Philips\LPC2400.s" ("Philips LPC2400 Startup Code")</StartupFile>
          <FlashDriverDll>UL2ARM(-U268761108 -O7 -S0 -C0 -FO15 -FD40000000 -FC800 -FN1 -FF0LPC_IAP2_512 -FS00 -FL07E000)</FlashDriverDll>
          <DeviceId>4181</DeviceId>
          <RegisterFile>LPC23xx.H</RegisterFile>
          <MemoryEnv></MemoryEnv>
          <Cmp></Cmp>
          <Asm></Asm>
          <Linker></Linker>
          <OHString></OHString>
          <InfinionOptionDll></InfinionOptionDll>
          <SLE66CMisc></SLE66CMisc>
          <SLE66AMisc></SLE66AMisc>
          <SLE66LinkerMisc></SLE66LinkerMisc>
          <SFDFile></SFDFile>
          <UseEnv>0</UseEnv>
          <BinPath></BinPath>
          <IncludePath></IncludePath>
          <LibPath></LibPath>
          <RegisterFilePath>Philips\</RegisterFilePath>
          <DBRegisterFilePath>Philips\</DBRegisterFilePath>
          <TargetStatus>
            <Error>0</Error>
            <ExitCodeStop>0</ExitCodeStop>
            <ButtonStop>0</ButtonStop>
            <NotGenerated>0</NotGenerated>
            <InvalidFlash>1</InvalidFlash>
          </TargetStatus>
          <OutputDirectory>.\</OutputDirectory>
          <OutputName>Demo</OutputName>
          <CreateExecutable>1</CreateExecutable>
          <CreateLib>0</CreateLib>
          <CreateHexFile>0</CreateHexFile>
          <DebugInformation>1</DebugInformation>
          <BrowseInformation>1</BrowseInformation>
          <ListingPath>.\</ListingPath>
          <HexFormatSelection>1</HexFormatSelection>
          <Merge32K>0</Merge32K>
          <CreateBatchFile>0</CreateBatchFile>
          <BeforeCompile>
            <RunUserProg1>0</RunUserProg1>
            <RunUserProg2>0</RunUserProg2>
            <UserProg1Name></UserProg1Name>
            <UserProg2Name></UserProg2Name>
            <UserProg1Dos16Mode>0</UserProg1Dos16Mode>
            <UserProg2Dos16Mode>0</UserProg2Dos16Mode>
            <nStopU1X>0</nStopU1X>
            <nStopU2X>0</nStopU2X>
          </BeforeCompile>
          <BeforeMake>
            <RunUserProg1>0</RunUserProg1>
            <RunUserProg2>0</RunUserProg2>
            <UserProg1Name></UserProg1Name>
            <UserProg2Name></UserProg2Name>
            <UserProg1Dos16Mode>0</UserProg1Dos16Mode>
            <UserProg2Dos16Mode>0</UserProg2Dos16Mode>
          </BeforeMake>
          <AfterMake>
            <RunUserProg1>0</RunUserProg1>
            <RunUserProg2>0</RunUserProg2>
            <UserProg1Name></UserProg1Name>
            <UserProg2Name></UserProg2Name>
            <UserProg1Dos16Mode>0</UserProg1Dos16Mode>
            <UserProg2Dos16Mode>0</UserProg2Dos16Mode>
          </AfterMake>
          <SelectedForBatchBuild>0</SelectedForBatchBuild>
          <SVCSIdString></SVCSIdString>
        </TargetCommonOption>
        <CommonProperty>
          <UseCPPCompiler>0</UseCPPCompiler>
          <RVCTCodeConst>0</RVCTCodeConst>
          <RVCTZI>0</RVCTZI>
          <RVCTOtherData>0</RVCTOtherData>
          <ModuleSelection>0</ModuleSelection>
          <IncludeInBuild>1</IncludeInBuild>
          <AlwaysBuild>0</AlwaysBuild>
          <GenerateAssemblyFile>0</GenerateAssemblyFile>
          <AssembleAssemblyFile>0</AssembleAssemblyFile>
          <PublicsOnly>0</PublicsOnly>
          <StopOnExitCode>3</StopOnExitCode>
          <CustomArgument></CustomArgument>
          <IncludeLibraryModules></IncludeLibraryModules>
        </CommonProperty>
        <DllOption>
          <SimDllName>SARM.DLL</SimDllName>
          <SimDllArguments>-cLPC24xx</SimDllArguments>
          <SimDlgDll>DARMP.DLL</SimDlgDll>
          <SimDlgDllArguments>-pLPC2468</SimDlgDllArguments>
          <TargetDllName>SARM.DLL</TargetDllName>
          <TargetDllArguments></TargetDllArguments>
          <TargetDlgDll>TARMP.DLL</TargetDlgDll>
          <TargetDlgDllArguments>-pLPC2468</TargetDlgDllArguments>
        </DllOption>
        <DebugOption>
          <OPTHX>
            <HexSelection>1</HexSelection>
            <HexRangeLowAddress>0</HexRangeLowAddress>
            <HexRangeHighAddress>0</HexRangeHighAddress>
            <HexOffset>0</HexOffset>
            <Oh166RecLen>16</Oh166RecLen>
          </OPTHX>
          <Simulator>
            <UseSimulator>1</UseSimulator>
            <LoadApplicationAtStartup>1</LoadApplicationAtStartup>
            <RunToMain>0</RunToMain>
            <RestoreBreakpoints>1</RestoreBreakpoints>
            <RestoreWatchpoints>1</RestoreWatchpoints>
            <RestoreMemoryDisplay>1</RestoreMemoryDisplay>
            <RestoreFunctions>1</RestoreFunctions>
            <RestoreToolbox>1</RestoreToolbox>
            <LimitSpeedToRealTime>0</LimitSpeedToRealTime>
          </Simulator>
          <Target>
            <UseTarget>0</UseTarget>
            <LoadApplicationAtStartup>1</LoadApplicationAtStartup>
            <RunToMain>0</RunToMain>
            <RestoreBreakpoints>1</RestoreBreakpoints>
            <RestoreWatchpoints>1</RestoreWatchpoints>
            <RestoreMemoryDisplay>1</RestoreMemoryDisplay>
            <RestoreFunctions>0</RestoreFunctions>
            <RestoreToolbox>1</RestoreToolbox>
            <RestoreTracepoints>0</RestoreTracepoints>
          </Target>
          <RunDebugAfterBuild>0</RunDebugAfterBuild>
          <TargetSelection>0</TargetSelection>
          <SimDlls>
            <CpuDll></CpuDll>
            <CpuDllArguments></CpuDllArguments>
            <PeripheralDll></PeripheralDll>
            <PeripheralDllArguments></PeripheralDllArguments>
            <InitializationFile>./Sim.ini</InitializationFile>
          </SimDlls>
          <TargetDlls>
            <CpuDll></CpuDll>
            <CpuDllArguments></CpuDllArguments>
            <PeripheralDll></PeripheralDll>
            <PeripheralDllArguments></PeripheralDllArguments>
            <InitializationFile>./Ext_RAM.ini</InitializationFile>
            <Driver>BIN\UL2ARM.DLL</Driver>
          </TargetDlls>
        </DebugOption>
        <Utilities>
          <Flash1>
            <UseTargetDll>1</UseTargetDll>
            <UseExternalTool>0</UseExternalTool>
            <RunIndependent>0</RunIndependent>
            <UpdateFlashBeforeDebugging>0</UpdateFlashBeforeDebugging>
            <Capability>1</Capability>
            <DriverSelection>4096</DriverSelection>
          </Flash1>
          <bUseTDR>0</bUseTDR>
          <Flash2>BIN\UL2ARM.DLL</Flash2>
          <Flash3>"LPC210x_ISP.EXE" ("#H" ^X $D COM1: 38400 1)</Flash3>
          <Flash4></Flash4>
        </Utilities>
        <TargetArmAds>
          <ArmAdsMisc>
            <GenerateListings>0</GenerateListings>
            <asHll>1</asHll>
            <asAsm>1</asAsm>
            <asMacX>1</asMacX>
            <asSyms>1</asSyms>
            <asFals>1</asFals>
            <asDbgD>1</asDbgD>
            <asForm>1</asForm>
            <ldLst>0</ldLst>
            <ldmm>1</ldmm>
            <ldXref>1</ldXref>
            <BigEnd>0</BigEnd>
            <AdsALst>1</AdsALst>
            <AdsACrf>1</AdsACrf>
            <AdsANop>0</AdsANop>
            <AdsANot>0</AdsANot>
            <AdsLLst>1</AdsLLst>
            <AdsLmap>1</AdsLmap>
            <AdsLcgr>1</AdsLcgr>
            <AdsLsym>1</AdsLsym>
            <AdsLszi>1</AdsLszi>
            <AdsLtoi>1</AdsLtoi>
            <AdsLsun>1</AdsLsun>
            <AdsLven>1</AdsLven>
            <AdsLsxf>1</AdsLsxf>
            <RvctClst>0</RvctClst>
            <GenPPlst>0</GenPPlst>
            <AdsCpuType>ARM7TDMI</AdsCpuType>
            <RvctDeviceName></RvctDeviceName>
            <mOS>0</mOS>
            <uocRom>0</uocRom>
            <uocRam>0</uocRam>
            <hadIROM>1</hadIROM>
            <hadIRAM>1</hadIRAM>
            <hadXRAM>0</hadXRAM>
            <uocXRam>0</uocXRam>
            <RvdsVP>0</RvdsVP>
            <hadIRAM2>1</hadIRAM2>
            <hadIROM2>0</hadIROM2>
            <StupSel>1</StupSel>
            <useUlib>1</useUlib>
            <EndSel>0</EndSel>
            <uLtcg>0</uLtcg>
            <RoSelD>0</RoSelD>
            <RwSelD>3</RwSelD>
            <CodeSel>0</CodeSel>
            <OptFeed>0</OptFeed>
            <NoZi1>0</NoZi1>
            <NoZi2>0</NoZi2>
            <NoZi3>0</NoZi3>
            <NoZi4>0</NoZi4>
            <NoZi5>0</NoZi5>
            <Ro1Chk>1</Ro1Chk>
            <Ro2Chk>0</Ro2Chk>
            <Ro3Chk>0</Ro3Chk>
            <Ir1Chk>0</Ir1Chk>
            <Ir2Chk>0</Ir2Chk>
            <Ra1Chk>1</Ra1Chk>
            <Ra2Chk>0</Ra2Chk>
            <Ra3Chk>0</Ra3Chk>
            <Im1Chk>0</Im1Chk>
            <Im2Chk>0</Im2Chk>
            <OnChipMemories>
              <Ocm1>
                <Type>0</Type>
                <StartAddress>0x0</StartAddress>
                <Size>0x0</Size>
              </Ocm1>
              <Ocm2>
                <Type>0</Type>
                <StartAddress>0x0</StartAddress>
                <Size>0x0</Size>
              </Ocm2>
              <Ocm3>
                <Type>0</Type>
                <StartAddress>0x0</StartAddress>
                <Size>0x0</Size>
              </Ocm3>
              <Ocm4>
                <Type>0</Type>
                <StartAddress>0x0</StartAddress>
                <Size>0x0</Size>
              </Ocm4>
              <Ocm5>
                <Type>0</Type>
                <StartAddress>0x0</StartAddress>
                <Size>0x0</Size>
              </Ocm5>
              <Ocm6>
                <Type>0</Type>
                <StartAddress>0x0</StartAddress>
                <Size>0x0</Size>
              </Ocm6>
              <IRAM>
                <Type>0</Type>
                <StartAddress>0x40000000</StartAddress>
                <Size>0x10000</Size>
              </IRAM>
              <IROM>
                <Type>1</Type>
                <StartAddress>0x0</StartAddress>
                <Size>0x80000</Size>
              </IROM>
              <XRAM>
                <Type>0</Type>
                <StartAddress>0x0</StartAddress>
                <Size>0x0</Size>
              </XRAM>
              <OCR_RVCT1>
                <Type>1</Type>
                <StartAddress>0xa0000000</StartAddress>
                <Size>0x1000000</Size>
              </OCR_RVCT1>
              <OCR_RVCT2>
                <Type>1</Type>
                <StartAddress>0x0</StartAddress>
                <Size>0x0</Size>
              </OCR_RVCT2>
              <OCR_RVCT3>
                <Type>1</Type>
                <StartAddress>0x0</StartAddress>
                <Size>0x0</Size>
              </OCR_RVCT3>
              <OCR_RVCT4>
                <Type>1</Type>
                <StartAddress>0x0</StartAddress>
                <Size>0x80000</Size>
              </OCR_RVCT4>
              <OCR_RVCT5>
                <Type>1</Type>
                <StartAddress>0x0</StartAddress>
                <Size>0x0</Size>
              </OCR_RVCT5>
              <OCR_RVCT6>
                <Type>0</Type>
                <StartAddress>0xa1000000</StartAddress>
                <Size>0x1000000</Size>
              </OCR_RVCT6>
              <OCR_RVCT7>
                <Type>0</Type>
                <StartAddress>0x0</StartAddress>
                <Size>0x0</Size>
              </OCR_RVCT7>
              <OCR_RVCT8>
                <Type>0</Type>
                <StartAddress>0x0</StartAddress>
                <Size>0x0</Size>
              </OCR_RVCT8>
              <OCR_RVCT9>
                <Type>0</Type>
                <StartAddress>0x40000000</StartAddress>
                <Size>0x10000</Size>
              </OCR_RVCT9>
              <OCR_RVCT10>
                <Type>0</Type>
                <StartAddress>0x7fe00000</StartAddress>
                <Size>0x4000</Size>
              </OCR_RVCT10>
            </OnChipMemories>
            <RvctStartVector></RvctStartVector>
          </ArmAdsMisc>
          <Cads>
            <interw>1</interw>
            <Optim>1</Optim>
            <oTime>0</oTime>
            <SplitLS>0</SplitLS>
            <OneElfS>0</OneElfS>
            <Strict>0</Strict>
            <EnumInt>0</EnumInt>
            <PlainCh>0</PlainCh>
            <Ropi>0</Ropi>
            <Rwpi>0</Rwpi>
            <wLevel>0</wLevel>
            <uThumb>0</uThumb>
            <uSurpInc>0</uSurpInc>
            <VariousControls>
              <MiscControls></MiscControls>
              <Define></Define>
              <Undefine></Undefine>
              <IncludePath></IncludePath>
            </VariousControls>
          </Cads>
          <Aads>
            <interw>1</interw>
            <Ropi>0</Ropi>
            <Rwpi>0</Rwpi>
            <thumb>0</thumb>
            <SplitLS>0</SplitLS>
            <SwStkChk>0</SwStkChk>
            <NoWarn>0</NoWarn>
            <uSurpInc>0</uSurpInc>
            <VariousControls>
              <MiscControls></MiscControls>
              <Define>NO_CLOCK_SETUP NO_EMC_SETUP RAM_INTVEC RAM_MODE REMAP</Define>
              <Undefine></Undefine>
              <IncludePath></IncludePath>
            </VariousControls>
          </Aads>
          <LDads>
            <umfTarg>1</umfTarg>
            <Ropi>0</Ropi>
            <Rwpi>0</Rwpi>
            <noStLib>0</noStLib>
            <RepFail>1</RepFail>
            <useFile>0</useFile>
            <TextAddressRange>0x00000000</TextAddressRange>
            <DataAddressRange>0x40000000</DataAddressRange>
            <ScatterFile></ScatterFile>
            <IncludeLibs></IncludeLibs>
            <IncludeLibsPath></IncludeLibsPath>
            <Misc></Misc>
            <LinkerInputFile></LinkerInputFile>
            <DisabledWarnings></DisabledWarnings>
          </LDads>
        </TargetArmAds>
      </TargetOption>
      <Groups>
        <Group>
          <GroupName>Startup Code</GroupName>
          <Files>
            <File>
              <FileName>libcs1021.lib</FileName>
              <FileType>4</FileType>
              <FilePath>..\libcs1021\libcs1021.lib</FilePath>
            </File>
          </Files>
        </Group>
        <Group>
          <GroupName>Application Code</GroupName>
          <Files>
            <File>
              <FileName>Demo.s</FileName>
              <FileType>2</FileType>
              <FilePath>.\Demo.s</FilePath>
            </File>
          </Files>
        </Group>
      </Groups>
    </Target>
  </Targets>

</Project>
