<?xml version="1.0" encoding="UTF-8" standalone="no" ?>
<ProjectOpt xmlns:xsi="http://www.w3.org/2001/XMLSchema-instance" xsi:noNamespaceSchemaLocation="project_opt.xsd">

  <SchemaVersion>1.0</SchemaVersion>

  <Header>### uVision Project, (C) Keil Software</Header>

  <Extensions>
    <cExt>*.c</cExt>
    <aExt>*.s*; *.src; *.a*</aExt>
    <oExt>*.obj</oExt>
    <lExt>*.lib</lExt>
    <tExt>*.txt; *.h; *.inc</tExt>
    <pExt>*.plm</pExt>
    <CppX>*.cpp</CppX>
  </Extensions>

  <DaveTm>
    <dwLowDateTime>0</dwLowDateTime>
    <dwHighDateTime>0</dwHighDateTime>
  </DaveTm>

  <Target>
    <TargetName>External SDRAM</TargetName>
    <ToolsetNumber>0x4</ToolsetNumber>
    <ToolsetName>ARM-ADS</ToolsetName>
    <TargetOption>
      <CLKADS>12000000</CLKADS>
      <OPTTT>
        <gFlags>1</gFlags>
        <BeepAtEnd>1</BeepAtEnd>
        <RunSim>1</RunSim>
        <RunTarget>0</RunTarget>
      </OPTTT>
      <OPTHX>
        <HexSelection>1</HexSelection>
        <FlashByte>65535</FlashByte>
        <HexRangeLowAddress>0</HexRangeLowAddress>
        <HexRangeHighAddress>0</HexRangeHighAddress>
        <HexOffset>0</HexOffset>
      </OPTHX>
      <OPTLEX>
        <PageWidth>79</PageWidth>
        <PageLength>66</PageLength>
        <TabStop>8</TabStop>
        <ListingPath>.\</ListingPath>
      </OPTLEX>
      <ListingPage>
        <CreateCListing>1</CreateCListing>
        <CreateAListing>1</CreateAListing>
        <CreateLListing>1</CreateLListing>
        <CreateIListing>0</CreateIListing>
        <AsmCond>1</AsmCond>
        <AsmSymb>1</AsmSymb>
        <AsmXref>0</AsmXref>
        <CCond>1</CCond>
        <CCode>0</CCode>
        <CListInc>0</CListInc>
        <CSymb>0</CSymb>
        <LinkerCodeListing>0</LinkerCodeListing>
      </ListingPage>
      <OPTXL>
        <LMap>1</LMap>
        <LComments>1</LComments>
        <LGenerateSymbols>1</LGenerateSymbols>
        <LLibSym>1</LLibSym>
        <LLines>1</LLines>
        <LLocSym>1</LLocSym>
        <LPubSym>1</LPubSym>
        <LXref>0</LXref>
        <LExpSel>0</LExpSel>
      </OPTXL>
      <OPTFL>
        <tvExp>1</tvExp>
        <tvExpOptDlg>0</tvExpOptDlg>
        <IsCurrentTarget>0</IsCurrentTarget>
      </OPTFL>
      <CpuCode>8</CpuCode>
      <Books>
        <Book>
          <Number>0</Number>
          <Title>Data Sheet</Title>
          <Path>DATASHTS\PHILIPS\LPC2468_DS.PDF</Path>
        </Book>
        <Book>
          <Number>1</Number>
          <Title>User Manual</Title>
          <Path>DATASHTS\PHILIPS\LPC2468_UM.pdf</Path>
        </Book>
      </Books>
      <DllOpt>
        <SimDllName>SARM.DLL</SimDllName>
        <SimDllArguments>-cLPC24xx</SimDllArguments>
        <SimDlgDllName>DARMP.DLL</SimDlgDllName>
        <SimDlgDllArguments>-pLPC2468</SimDlgDllArguments>
        <TargetDllName>SARM.DLL</TargetDllName>
        <TargetDllArguments></TargetDllArguments>
        <TargetDlgDllName>TARMP.DLL</TargetDlgDllName>
        <TargetDlgDllArguments>-pLPC2468</TargetDlgDllArguments>
      </DllOpt>
      <DebugOpt>
        <uSim>0</uSim>
        <uTrg>1</uTrg>
        <sLdApp>1</sLdApp>
        <sGomain>0</sGomain>
        <sRbreak>1</sRbreak>
        <sRwatch>1</sRwatch>
        <sRmem>1</sRmem>
        <sRfunc>1</sRfunc>
        <sRbox>1</sRbox>
        <tLdApp>1</tLdApp>
        <tGomain>0</tGomain>
        <tRbreak>1</tRbreak>
        <tRwatch>1</tRwatch>
        <tRmem>1</tRmem>
        <tRfunc>0</tRfunc>
        <tRbox>1</tRbox>
        <tRtrace>0</tRtrace>
        <sRunDeb>0</sRunDeb>
        <sLrtime>0</sLrtime>
        <nTsel>0</nTsel>
        <sDll></sDll>
        <sDllPa></sDllPa>
        <sDlgDll></sDlgDll>
        <sDlgPa></sDlgPa>
        <sIfile>./Sim.ini</sIfile>
        <tDll></tDll>
        <tDllPa></tDllPa>
        <tDlgDll></tDlgDll>
        <tDlgPa></tDlgPa>
        <tIfile>./Ext_RAM.ini</tIfile>
        <pMon>BIN\UL2ARM.DLL</pMon>
      </DebugOpt>
      <TargetDriverDllRegistry>
        <SetRegEntry>
          <Number>0</Number>
          <Key>DLGTARM</Key>
          <Name>(135=-1,-1,-1,-1,0)(105=-1,-1,-1,-1,0)(145=-1,-1,-1,-1,0)(147=-1,-1,-1,-1,0)(150=-1,-1,-1,-1,0)(152=-1,-1,-1,-1,0)(151=-1,-1,-1,-1,0)(155=-1,-1,-1,-1,0)(177=-1,-1,-1,-1,0)(134=-1,-1,-1,-1,0)(80=-1,-1,-1,-1,0)(156=-1,-1,-1,-1,0)(100=-1,-1,-1,-1,0)(101=-1,-1,-1,-1,0)(160=-1,-1,-1,-1,0)(161=-1,-1,-1,-1,0)(162=-1,-1,-1,-1,0)(163=-1,-1,-1,-1,0)(164=-1,-1,-1,-1,0)(176=-1,-1,-1,-1,0)(178=-1,-1,-1,-1,0)(113=-1,-1,-1,-1,0)(112=-1,-1,-1,-1,0)(169=-1,-1,-1,-1,0)(170=-1,-1,-1,-1,0)(137=-1,-1,-1,-1,0)(138=-1,-1,-1,-1,0)(171=-1,-1,-1,-1,0)(117=-1,-1,-1,-1,0)(172=-1,-1,-1,-1,0)(173=-1,-1,-1,-1,0)(110=-1,-1,-1,-1,0)(111=-1,-1,-1,-1,0)(165=-1,-1,-1,-1,0)(166=-1,-1,-1,-1,0)(167=-1,-1,-1,-1,0)(168=-1,-1,-1,-1,0)(141=-1,-1,-1,-1,0)(144=-1,-1,-1,-1,0)(130=-1,-1,-1,-1,0)(131=-1,-1,-1,-1,0)(121=-1,-1,-1,-1,0)(122=-1,-1,-1,-1,0)(115=-1,-1,-1,-1,0)(116=-1,-1,-1,-1,0)</Name>
        </SetRegEntry>
        <SetRegEntry>
          <Number>0</Number>
          <Key>ARMDBGFLAGS</Key>
          <Name></Name>
        </SetRegEntry>
        <SetRegEntry>
          <Number>0</Number>
          <Key>UL2ARM</Key>
          <Name>-UV0079FBE -O14 -S135 -C0 -N00("ARM7TDMI-S Core") -D00(4F1F0F0F) -L00(4) -FO15 -FD40000000 -FC800 -FN1 -FF0LPC_IAP2_512 -FS00 -FL07E000</Name>
        </SetRegEntry>
      </TargetDriverDllRegistry>
      <Breakpoint>
        <Bp>
          <Number>0</Number>
          <Type>0</Type>
          <LineNumber>0</LineNumber>
          <EnabledFlag>1</EnabledFlag>
          <Address>-1610612336</Address>
          <ByteObject>0</ByteObject>
          <HtxType>0</HtxType>
          <ManyObjects>0</ManyObjects>
          <SizeOfObject>0</SizeOfObject>
          <BreakByAccess>0</BreakByAccess>
          <BreakIfRCount>1</BreakIfRCount>
          <Filename></Filename>
          <ExecCommand></ExecCommand>
          <Expression></Expression>
        </Bp>
      </Breakpoint>
      <Tracepoint>
        <THDelay>0</THDelay>
      </Tracepoint>
      <DebugFlag>
        <trace>0</trace>
        <periodic>1</periodic>
        <aLwin>0</aLwin>
        <aCover>0</aCover>
        <aSer1>0</aSer1>
        <aSer2>0</aSer2>
        <aPa>0</aPa>
        <viewmode>1</viewmode>
        <vrSel>0</vrSel>
        <aSym>0</aSym>
        <aTbox>0</aTbox>
        <AscS1>0</AscS1>
        <AscS2>0</AscS2>
        <AscS3>0</AscS3>
        <aSer3>0</aSer3>
        <eProf>0</eProf>
        <aLa>0</aLa>
        <aPa1>0</aPa1>
        <AscS4>0</AscS4>
        <aSer4>0</aSer4>
        <StkLoc>0</StkLoc>
        <TrcWin>0</TrcWin>
        <newCpu>0</newCpu>
        <uProt>0</uProt>
      </DebugFlag>
      <LintExecutable></LintExecutable>
      <LintConfigFile></LintConfigFile>
    </TargetOption>
  </Target>

  <Target>
    <TargetName>Simulator</TargetName>
    <ToolsetNumber>0x4</ToolsetNumber>
    <ToolsetName>ARM-ADS</ToolsetName>
    <TargetOption>
      <CLKADS>12000000</CLKADS>
      <OPTTT>
        <gFlags>1</gFlags>
        <BeepAtEnd>1</BeepAtEnd>
        <RunSim>1</RunSim>
        <RunTarget>0</RunTarget>
      </OPTTT>
      <OPTHX>
        <HexSelection>1</HexSelection>
        <FlashByte>65535</FlashByte>
        <HexRangeLowAddress>0</HexRangeLowAddress>
        <HexRangeHighAddress>0</HexRangeHighAddress>
        <HexOffset>0</HexOffset>
      </OPTHX>
      <OPTLEX>
        <PageWidth>79</PageWidth>
        <PageLength>66</PageLength>
        <TabStop>8</TabStop>
        <ListingPath>.\</ListingPath>
      </OPTLEX>
      <ListingPage>
        <CreateCListing>1</CreateCListing>
        <CreateAListing>1</CreateAListing>
        <CreateLListing>1</CreateLListing>
        <CreateIListing>0</CreateIListing>
        <AsmCond>1</AsmCond>
        <AsmSymb>1</AsmSymb>
        <AsmXref>0</AsmXref>
        <CCond>1</CCond>
        <CCode>0</CCode>
        <CListInc>0</CListInc>
        <CSymb>0</CSymb>
        <LinkerCodeListing>0</LinkerCodeListing>
      </ListingPage>
      <OPTXL>
        <LMap>1</LMap>
        <LComments>1</LComments>
        <LGenerateSymbols>1</LGenerateSymbols>
        <LLibSym>1</LLibSym>
        <LLines>1</LLines>
        <LLocSym>1</LLocSym>
        <LPubSym>1</LPubSym>
        <LXref>0</LXref>
        <LExpSel>0</LExpSel>
      </OPTXL>
      <OPTFL>
        <tvExp>1</tvExp>
        <tvExpOptDlg>0</tvExpOptDlg>
        <IsCurrentTarget>1</IsCurrentTarget>
      </OPTFL>
      <CpuCode>8</CpuCode>
      <Books>
        <Book>
          <Number>0</Number>
          <Title>Data Sheet</Title>
          <Path>DATASHTS\PHILIPS\LPC2468_DS.PDF</Path>
        </Book>
        <Book>
          <Number>1</Number>
          <Title>User Manual</Title>
          <Path>DATASHTS\PHILIPS\LPC2468_UM.pdf</Path>
        </Book>
      </Books>
      <DllOpt>
        <SimDllName>SARM.DLL</SimDllName>
        <SimDllArguments>-cLPC24xx</SimDllArguments>
        <SimDlgDllName>DARMP.DLL</SimDlgDllName>
        <SimDlgDllArguments>-pLPC2468</SimDlgDllArguments>
        <TargetDllName>SARM.DLL</TargetDllName>
        <TargetDllArguments></TargetDllArguments>
        <TargetDlgDllName>TARMP.DLL</TargetDlgDllName>
        <TargetDlgDllArguments>-pLPC2468</TargetDlgDllArguments>
      </DllOpt>
      <DebugOpt>
        <uSim>1</uSim>
        <uTrg>0</uTrg>
        <sLdApp>1</sLdApp>
        <sGomain>0</sGomain>
        <sRbreak>1</sRbreak>
        <sRwatch>1</sRwatch>
        <sRmem>1</sRmem>
        <sRfunc>1</sRfunc>
        <sRbox>1</sRbox>
        <tLdApp>1</tLdApp>
        <tGomain>0</tGomain>
        <tRbreak>1</tRbreak>
        <tRwatch>1</tRwatch>
        <tRmem>1</tRmem>
        <tRfunc>0</tRfunc>
        <tRbox>1</tRbox>
        <tRtrace>0</tRtrace>
        <sRunDeb>0</sRunDeb>
        <sLrtime>0</sLrtime>
        <nTsel>0</nTsel>
        <sDll></sDll>
        <sDllPa></sDllPa>
        <sDlgDll></sDlgDll>
        <sDlgPa></sDlgPa>
        <sIfile>./Sim.ini</sIfile>
        <tDll></tDll>
        <tDllPa></tDllPa>
        <tDlgDll></tDlgDll>
        <tDlgPa></tDlgPa>
        <tIfile>./Ext_RAM.ini</tIfile>
        <pMon>BIN\UL2ARM.DLL</pMon>
      </DebugOpt>
      <TargetDriverDllRegistry>
        <SetRegEntry>
          <Number>0</Number>
          <Key>DLGDARM</Key>
          <Name>(135=-1,-1,-1,-1,0)(105=-1,-1,-1,-1,0)(145=-1,-1,-1,-1,0)(147=-1,-1,-1,-1,0)(150=-1,-1,-1,-1,0)(152=-1,-1,-1,-1,0)(151=-1,-1,-1,-1,0)(155=-1,-1,-1,-1,0)(177=-1,-1,-1,-1,0)(134=-1,-1,-1,-1,0)(80=-1,-1,-1,-1,0)(156=-1,-1,-1,-1,0)(100=-1,-1,-1,-1,0)(101=-1,-1,-1,-1,0)(160=-1,-1,-1,-1,0)(161=-1,-1,-1,-1,0)(162=-1,-1,-1,-1,0)(163=-1,-1,-1,-1,0)(164=-1,-1,-1,-1,0)(176=-1,-1,-1,-1,0)(178=-1,-1,-1,-1,0)(113=-1,-1,-1,-1,0)(112=-1,-1,-1,-1,0)(169=-1,-1,-1,-1,0)(170=-1,-1,-1,-1,0)(137=-1,-1,-1,-1,0)(138=-1,-1,-1,-1,0)(171=-1,-1,-1,-1,0)(117=-1,-1,-1,-1,0)(172=-1,-1,-1,-1,0)(173=-1,-1,-1,-1,0)(110=-1,-1,-1,-1,0)(111=-1,-1,-1,-1,0)(165=-1,-1,-1,-1,0)(166=-1,-1,-1,-1,0)(167=-1,-1,-1,-1,0)(168=-1,-1,-1,-1,0)(141=-1,-1,-1,-1,0)(144=-1,-1,-1,-1,0)(130=-1,-1,-1,-1,0)(131=-1,-1,-1,-1,0)(121=-1,-1,-1,-1,0)(122=-1,-1,-1,-1,0)(132=-1,-1,-1,-1,0)(115=-1,-1,-1,-1,0)(116=-1,-1,-1,-1,0)</Name>
        </SetRegEntry>
        <SetRegEntry>
          <Number>0</Number>
          <Key>DLGTARM</Key>
          <Name>(135=-1,-1,-1,-1,0)(105=-1,-1,-1,-1,0)(145=-1,-1,-1,-1,0)(147=-1,-1,-1,-1,0)(150=-1,-1,-1,-1,0)(152=-1,-1,-1,-1,0)(151=-1,-1,-1,-1,0)(155=-1,-1,-1,-1,0)(177=-1,-1,-1,-1,0)(134=-1,-1,-1,-1,0)(80=-1,-1,-1,-1,0)(156=-1,-1,-1,-1,0)(100=-1,-1,-1,-1,0)(101=-1,-1,-1,-1,0)(160=-1,-1,-1,-1,0)(161=-1,-1,-1,-1,0)(162=-1,-1,-1,-1,0)(163=-1,-1,-1,-1,0)(164=-1,-1,-1,-1,0)(176=-1,-1,-1,-1,0)(178=-1,-1,-1,-1,0)(113=-1,-1,-1,-1,0)(112=-1,-1,-1,-1,0)(169=-1,-1,-1,-1,0)(170=-1,-1,-1,-1,0)(137=-1,-1,-1,-1,0)(138=-1,-1,-1,-1,0)(171=-1,-1,-1,-1,0)(117=-1,-1,-1,-1,0)(172=-1,-1,-1,-1,0)(173=-1,-1,-1,-1,0)(110=-1,-1,-1,-1,0)(111=-1,-1,-1,-1,0)(165=-1,-1,-1,-1,0)(166=-1,-1,-1,-1,0)(167=-1,-1,-1,-1,0)(168=-1,-1,-1,-1,0)(141=-1,-1,-1,-1,0)(144=-1,-1,-1,-1,0)(130=-1,-1,-1,-1,0)(131=-1,-1,-1,-1,0)(121=-1,-1,-1,-1,0)(122=-1,-1,-1,-1,0)(115=-1,-1,-1,-1,0)(116=-1,-1,-1,-1,0)</Name>
        </SetRegEntry>
        <SetRegEntry>
          <Number>0</Number>
          <Key>ARMDBGFLAGS</Key>
          <Name>-T5F</Name>
        </SetRegEntry>
        <SetRegEntry>
          <Number>0</Number>
          <Key>UL2ARM</Key>
          <Name>-UV0079FBE -O14 -S135 -C0 -N00("ARM7TDMI-S Core") -D00(4F1F0F0F) -L00(4) -FO15 -FD40000000 -FC800 -FN1 -FF0LPC_IAP2_512 -FS00 -FL07E000</Name>
        </SetRegEntry>
      </TargetDriverDllRegistry>
      <Breakpoint/>
      <Tracepoint>
        <THDelay>0</THDelay>
      </Tracepoint>
      <DebugFlag>
        <trace>0</trace>
        <periodic>1</periodic>
        <aLwin>1</aLwin>
        <aCover>0</aCover>
        <aSer1>0</aSer1>
        <aSer2>0</aSer2>
        <aPa>0</aPa>
        <viewmode>1</viewmode>
        <vrSel>0</vrSel>
        <aSym>0</aSym>
        <aTbox>0</aTbox>
        <AscS1>0</AscS1>
        <AscS2>0</AscS2>
        <AscS3>0</AscS3>
        <aSer3>0</aSer3>
        <eProf>0</eProf>
        <aLa>0</aLa>
        <aPa1>0</aPa1>
        <AscS4>0</AscS4>
        <aSer4>0</aSer4>
        <StkLoc>0</StkLoc>
        <TrcWin>0</TrcWin>
        <newCpu>0</newCpu>
        <uProt>0</uProt>
      </DebugFlag>
      <LintExecutable></LintExecutable>
      <LintConfigFile></LintConfigFile>
    </TargetOption>
  </Target>

  <Group>
    <GroupName>Startup Code</GroupName>
    <tvExp>1</tvExp>
    <tvExpOptDlg>0</tvExpOptDlg>
    <cbSel>0</cbSel>
    <RteFlg>0</RteFlg>
    <File>
      <GroupNumber>1</GroupNumber>
      <FileNumber>1</FileNumber>
      <FileType>4</FileType>
      <tvExp>0</tvExp>
      <Focus>0</Focus>
      <ColumnNumber>0</ColumnNumber>
      <tvExpOptDlg>0</tvExpOptDlg>
      <TopLine>0</TopLine>
      <CurrentLine>0</CurrentLine>
      <bDave2>0</bDave2>
      <PathWithFileName>..\libcs1021\libcs1021.lib</PathWithFileName>
      <FilenameWithoutPath>libcs1021.lib</FilenameWithoutPath>
      <RteFlg>0</RteFlg>
      <bShared>0</bShared>
    </File>
  </Group>

  <Group>
    <GroupName>Application Code</GroupName>
    <tvExp>1</tvExp>
    <tvExpOptDlg>0</tvExpOptDlg>
    <cbSel>0</cbSel>
    <RteFlg>0</RteFlg>
    <File>
      <GroupNumber>2</GroupNumber>
      <FileNumber>2</FileNumber>
      <FileType>2</FileType>
      <tvExp>0</tvExp>
      <Focus>0</Focus>
      <ColumnNumber>0</ColumnNumber>
      <tvExpOptDlg>0</tvExpOptDlg>
      <TopLine>1</TopLine>
      <CurrentLine>12</CurrentLine>
      <bDave2>0</bDave2>
      <PathWithFileName>.\Demo.s</PathWithFileName>
      <FilenameWithoutPath>Demo.s</FilenameWithoutPath>
      <RteFlg>0</RteFlg>
      <bShared>0</bShared>
    </File>
  </Group>

</ProjectOpt>
